cov_median,cov_CV,cov_mean,cov_std,pass_CV,group_id,backbone_mut
2.0,0.7576767609436589,0.6352941176470588,0.48134758930538324,True,0,chrM_7941_A_T
3.0,0.3223291856101517,0.9058823529411765,0.29199232108213746,True,0,chrM_7941_A_T
3.0,0.4440530357868856,0.8352941176470589,0.37091488871610445,True,0,chrM_7941_A_T
2.0,0.40544242703969147,0.8588235294117647,0.3482034961634997,True,0,chrM_7941_A_T
