,cov_median,cov_CV,cov_mean,cov_std,pass_CV,pass_NA,pass_cov,choroid_plexus,dien_NPC,dien_neuron,hind_neuron,retina,hind_NPC
chr2_3576510_G_A,2.0,0.6596856715021062,0.6967741935483871,0.4596519517563063,True,True,True,0.30666666666666664,0.32352941176470584,0.29268292682926833,1.0,0.0,0.0
chr7_148415475_C_T,2.0,0.7416198487095658,0.6451612903225806,0.4784644185223005,True,True,True,0.31999999999999995,0.5,0.29268292682926833,0.0,1.0,0.33333333333333337
chrM_15392_G_T,3.0,0.51006137045067,0.7935483870967742,0.40475837784149943,True,True,True,0.21333333333333337,0.23529411764705888,0.14634146341463417,0.0,0.0,0.6666666666666667
chrM_3054_G_A,42.0,0.0,1.0,0.0,True,True,True,0.0,0.0,0.0,0.0,0.0,0.0
chrM_3822_C_A,3.0,0.3737725007982014,0.8774193548387097,0.327955226506809,True,True,True,0.1333333333333333,0.11764705882352944,0.07317073170731703,0.0,0.0,0.6666666666666667
chrM_6722_G_A,2.0,0.5200882648923056,0.7870967741935484,0.40935979559265345,True,True,True,0.18666666666666665,0.2941176470588235,0.19512195121951215,0.0,0.0,0.33333333333333337
chrM_7066_C_A,10.0,0.11433239009500586,0.9870967741935484,0.11285713344861868,True,True,True,0.0,0.02941176470588236,0.024390243902439046,0.0,0.0,0.0
chrM_7941_A_T,26.0,0.11433239009500573,0.9870967741935484,0.11285713344861856,True,True,True,0.026666666666666616,0.0,0.0,0.0,0.0,0.0
