,FP_mean,FP_std,FP_cv,FN_num,low_counts_ratio,germline_prob,germline_pred,germline_determined
chr2_3576510_G_A,0.26913384000287305,0.350410208970939,1.301992380323479,0,unknown,0.4277124956092982,0.0,non-germline
chr7_148415475_C_T,0.2758212714397413,0.4149947955933968,1.5045786477134009,0,unknown,0.26863145990686405,0.0,non-germline
chrM_15392_G_T,0.2786745267365422,0.2892206275261403,1.0378437918711112,0,0.5935483870967742,0.6533221795969268,0.0,non-germline
chrM_3054_G_A,0.2386609736032332,0.12225319321184495,0.5122462686969813,0,unknown,0.9216523303850334,0.0,non-germline
chrM_3822_C_A,0.3656278807138261,0.412578327310555,1.1284104661413297,0,0.567741935483871,0.5780855470826062,0.0,non-germline
chrM_6722_G_A,0.38125129511041206,0.30887064934973885,0.8101497707969452,0,0.6,0.8092521777776319,0.0,non-germline
chrM_7066_C_A,0.016091218571838727,0.01988177313580892,1.2355666568723422,0,unknown,0.48943430095841767,0.0,non-germline
chrM_7941_A_T,0.29836500195005156,0.08609822633432258,0.28856677482815507,0,0.7290322580645161,0.9632801906290576,0.0,non-germline
